<?xml version="1.0" encoding="UTF-8"?>
<!-- Created with TexturePacker https://www.codeandweb.com/texturepacker -->
<!-- $TexturePacker:SmartUpdate:987d7671d18c0a20b29bb23596351600:d213238293bc24796bc21bd6bccfd3f4:c20bd5dbdf734d80e17ec306640f8b67$ -->
<TextureAtlas imagePath="N.png" width="4096" height="2048">
    <SubTexture name="N death confirm0000" x="850" y="522" width="297" height="267" frameX="0" frameY="-24" frameWidth="301" frameHeight="291"/>
    <SubTexture name="N death confirm0001" x="3091" y="532" width="291" height="280" frameX="-3" frameY="-11" frameWidth="301" frameHeight="291"/>
    <SubTexture name="N death confirm0002" x="2273" y="1387" width="285" height="291" frameX="-5" frameY="0" frameWidth="301" frameHeight="291"/>
    <SubTexture name="N death confirm0003" x="2561" y="1388" width="285" height="291" frameX="-5" frameY="0" frameWidth="301" frameHeight="291"/>
    <SubTexture name="N death confirm0004" x="2849" y="1391" width="286" height="291" frameX="-5" frameY="0" frameWidth="301" frameHeight="291"/>
    <SubTexture name="N death confirm0005" x="3138" y="1391" width="286" height="291" frameX="-5" frameY="0" frameWidth="301" frameHeight="291"/>
    <SubTexture name="N death confirm0006" x="3427" y="1391" width="288" height="291" frameX="-4" frameY="0" frameWidth="301" frameHeight="291"/>
    <SubTexture name="N death confirm0007" x="889" y="1369" width="288" height="290" frameX="-4" frameY="-1" frameWidth="301" frameHeight="291"/>
    <SubTexture name="N death confirm0008" x="1593" y="1386" width="289" height="290" frameX="-3" frameY="-1" frameWidth="301" frameHeight="291"/>
    <SubTexture name="N death confirm0009" x="1441" y="799" width="289" height="289" frameX="-3" frameY="-2" frameWidth="301" frameHeight="291"/>
    <SubTexture name="N death confirm0010" x="296" y="1355" width="291" height="289" frameX="-3" frameY="-2" frameWidth="301" frameHeight="291"/>
    <SubTexture name="N death confirm0011" x="2975" y="1100" width="291" height="288" frameX="-3" frameY="-3" frameWidth="301" frameHeight="291"/>
    <SubTexture name="N death confirm0012" x="2" y="1351" width="291" height="288" frameX="-3" frameY="-3" frameWidth="301" frameHeight="291"/>
    <SubTexture name="N death confirm0013" x="1795" y="1096" width="291" height="287" frameX="-3" frameY="-4" frameWidth="301" frameHeight="291"/>
    <SubTexture name="N death confirm0014" x="2089" y="1097" width="292" height="287" frameX="-3" frameY="-4" frameWidth="301" frameHeight="291"/>
    <SubTexture name="N death confirm0015" x="2384" y="1097" width="292" height="287" frameX="-3" frameY="-4" frameWidth="301" frameHeight="291"/>
    <SubTexture name="N death confirm0016" x="2679" y="1098" width="293" height="287" frameX="-3" frameY="-4" frameWidth="301" frameHeight="291"/>
    <SubTexture name="N death confirm0017" x="1200" y="1091" width="294" height="286" frameX="-1" frameY="-5" frameWidth="301" frameHeight="291"/>
    <SubTexture name="N death confirm0018" x="1497" y="1093" width="295" height="286" frameX="-2" frameY="-5" frameWidth="301" frameHeight="291"/>
    <SubTexture name="N death confirm0019" x="1143" y="793" width="295" height="285" frameX="-2" frameY="-6" frameWidth="301" frameHeight="291"/>
    <SubTexture name="N death confirm0020" x="602" y="1076" width="295" height="285" frameX="-2" frameY="-6" frameWidth="301" frameHeight="291"/>
    <SubTexture name="N death confirm0021" x="900" y="1081" width="297" height="285" frameX="-1" frameY="-6" frameWidth="301" frameHeight="291"/>
    <SubTexture name="N death confirm0022" x="2" y="1064" width="297" height="284" frameX="-1" frameY="-7" frameWidth="301" frameHeight="291"/>
    <SubTexture name="N death confirm0023" x="302" y="1068" width="297" height="284" frameX="-1" frameY="-7" frameWidth="301" frameHeight="291"/>
    <SubTexture name="N death confirm0024" x="3334" y="815" width="299" height="283" frameX="0" frameY="-8" frameWidth="301" frameHeight="291"/>
    <SubTexture name="N death confirm0025" x="3636" y="815" width="299" height="283" frameX="0" frameY="-8" frameWidth="301" frameHeight="291"/>
    <SubTexture name="N death confirm0026" x="2728" y="813" width="300" height="282" frameX="0" frameY="-9" frameWidth="301" frameHeight="291"/>
    <SubTexture name="N death confirm0027" x="3031" y="815" width="300" height="282" frameX="0" frameY="-9" frameWidth="301" frameHeight="291"/>
    <SubTexture name="N death confirm0028" x="537" y="784" width="300" height="281" frameX="0" frameY="-10" frameWidth="301" frameHeight="291"/>
    <SubTexture name="N death confirm0029" x="840" y="792" width="300" height="281" frameX="0" frameY="-10" frameWidth="301" frameHeight="291"/>
    <SubTexture name="N death confirm0030" x="1733" y="809" width="301" height="281" frameX="0" frameY="-10" frameWidth="301" frameHeight="291"/>
    <SubTexture name="N death confirm0031" x="2037" y="812" width="301" height="281" frameX="0" frameY="-10" frameWidth="301" frameHeight="291"/>
    <SubTexture name="N death confirm0032" x="3385" y="532" width="301" height="280" frameX="0" frameY="-11" frameWidth="301" frameHeight="291"/>
    <SubTexture name="N death confirm0033" x="3689" y="532" width="301" height="280" frameX="0" frameY="-11" frameWidth="301" frameHeight="291"/>
    <SubTexture name="N death confirm0034" x="3689" y="532" width="301" height="280" frameX="0" frameY="-11" frameWidth="301" frameHeight="291"/>
    <SubTexture name="N death confirm0035" x="3689" y="532" width="301" height="280" frameX="0" frameY="-11" frameWidth="301" frameHeight="291"/>
    <SubTexture name="N death confirm0036" x="3689" y="532" width="301" height="280" frameX="0" frameY="-11" frameWidth="301" frameHeight="291"/>
    <SubTexture name="N death confirm0037" x="3689" y="532" width="301" height="280" frameX="0" frameY="-11" frameWidth="301" frameHeight="291"/>
    <SubTexture name="N death confirm0038" x="3689" y="532" width="301" height="280" frameX="0" frameY="-11" frameWidth="301" frameHeight="291"/>
    <SubTexture name="N death confirm0039" x="3689" y="532" width="301" height="280" frameX="0" frameY="-11" frameWidth="301" frameHeight="291"/>
    <SubTexture name="N death loop0000" x="2227" y="262" width="286" height="266"/>
    <SubTexture name="N death loop0001" x="2516" y="263" width="286" height="266"/>
    <SubTexture name="N death loop0002" x="2805" y="263" width="286" height="266"/>
    <SubTexture name="N death loop0003" x="3094" y="263" width="286" height="266"/>
    <SubTexture name="N death loop0004" x="3383" y="263" width="286" height="266"/>
    <SubTexture name="N death loop0005" x="3672" y="263" width="286" height="266"/>
    <SubTexture name="N death loop0006" x="274" y="507" width="286" height="266"/>
    <SubTexture name="N death loop0007" x="274" y="507" width="286" height="266"/>
    <SubTexture name="N death loop0008" x="3672" y="263" width="286" height="266"/>
    <SubTexture name="N death loop0009" x="274" y="507" width="286" height="266"/>
    <SubTexture name="N death loop0010" x="274" y="507" width="286" height="266"/>
    <SubTexture name="N death loop0011" x="3672" y="263" width="286" height="266"/>
    <SubTexture name="N death loop0012" x="274" y="507" width="286" height="266"/>
    <SubTexture name="N death loop0013" x="3672" y="263" width="286" height="266"/>
    <SubTexture name="N death loop0014" x="274" y="507" width="286" height="266"/>
    <SubTexture name="N death loop0015" x="3672" y="263" width="286" height="266"/>
    <SubTexture name="N death0000" x="590" y="1364" width="296" height="289" frameX="-73" frameY="-1" frameWidth="410" frameHeight="309"/>
    <SubTexture name="N death0001" x="1885" y="1387" width="385" height="290" frameX="-3" frameY="0" frameWidth="410" frameHeight="309"/>
    <SubTexture name="N death0002" x="2341" y="813" width="384" height="281" frameX="-4" frameY="-9" frameWidth="410" frameHeight="309"/>
    <SubTexture name="N death0003" x="2" y="1647" width="399" height="291" frameX="0" frameY="-15" frameWidth="410" frameHeight="309"/>
    <SubTexture name="N death0004" x="404" y="1656" width="399" height="291" frameX="0" frameY="-15" frameWidth="410" frameHeight="309"/>
    <SubTexture name="N death0005" x="3269" y="1101" width="410" height="287" frameX="0" frameY="-22" frameWidth="410" frameHeight="309"/>
    <SubTexture name="N death0006" x="3682" y="1101" width="410" height="287" frameX="0" frameY="-22" frameWidth="410" frameHeight="309"/>
    <SubTexture name="N death0007" x="1180" y="1382" width="410" height="287" frameX="0" frameY="-22" frameWidth="410" frameHeight="309"/>
    <SubTexture name="N death0008" x="1150" y="522" width="288" height="268" frameX="-76" frameY="-23" frameWidth="410" frameHeight="309"/>
    <SubTexture name="N death0009" x="1150" y="522" width="288" height="268" frameX="-76" frameY="-23" frameWidth="410" frameHeight="309"/>
    <SubTexture name="N death0010" x="1150" y="522" width="288" height="268" frameX="-76" frameY="-23" frameWidth="410" frameHeight="309"/>
    <SubTexture name="N death0011" x="1150" y="522" width="288" height="268" frameX="-76" frameY="-23" frameWidth="410" frameHeight="309"/>
    <SubTexture name="N death0012" x="1150" y="522" width="288" height="268" frameX="-76" frameY="-23" frameWidth="410" frameHeight="309"/>
    <SubTexture name="N death0013" x="1150" y="522" width="288" height="268" frameX="-76" frameY="-23" frameWidth="410" frameHeight="309"/>
    <SubTexture name="N death0014" x="1150" y="522" width="288" height="268" frameX="-76" frameY="-23" frameWidth="410" frameHeight="309"/>
    <SubTexture name="N death0015" x="1150" y="522" width="288" height="268" frameX="-76" frameY="-23" frameWidth="410" frameHeight="309"/>
    <SubTexture name="N death0016" x="1150" y="522" width="288" height="268" frameX="-76" frameY="-23" frameWidth="410" frameHeight="309"/>
    <SubTexture name="N death0017" x="1150" y="522" width="288" height="268" frameX="-76" frameY="-23" frameWidth="410" frameHeight="309"/>
    <SubTexture name="N death0018" x="1150" y="522" width="288" height="268" frameX="-76" frameY="-23" frameWidth="410" frameHeight="309"/>
    <SubTexture name="N death0019" x="1150" y="522" width="288" height="268" frameX="-76" frameY="-23" frameWidth="410" frameHeight="309"/>
    <SubTexture name="N death0020" x="1150" y="522" width="288" height="268" frameX="-76" frameY="-23" frameWidth="410" frameHeight="309"/>
    <SubTexture name="N death0021" x="1150" y="522" width="288" height="268" frameX="-76" frameY="-23" frameWidth="410" frameHeight="309"/>
    <SubTexture name="N death0022" x="1150" y="522" width="288" height="268" frameX="-76" frameY="-23" frameWidth="410" frameHeight="309"/>
    <SubTexture name="N death0023" x="1150" y="522" width="288" height="268" frameX="-76" frameY="-23" frameWidth="410" frameHeight="309"/>
    <SubTexture name="N death0024" x="1150" y="522" width="288" height="268" frameX="-76" frameY="-23" frameWidth="410" frameHeight="309"/>
    <SubTexture name="N death0025" x="1150" y="522" width="288" height="268" frameX="-76" frameY="-23" frameWidth="410" frameHeight="309"/>
    <SubTexture name="N death0026" x="1150" y="522" width="288" height="268" frameX="-76" frameY="-23" frameWidth="410" frameHeight="309"/>
    <SubTexture name="N death0027" x="1150" y="522" width="288" height="268" frameX="-76" frameY="-23" frameWidth="410" frameHeight="309"/>
    <SubTexture name="N death0028" x="1150" y="522" width="288" height="268" frameX="-76" frameY="-23" frameWidth="410" frameHeight="309"/>
    <SubTexture name="N death0029" x="1150" y="522" width="288" height="268" frameX="-76" frameY="-23" frameWidth="410" frameHeight="309"/>
    <SubTexture name="N death0030" x="1150" y="522" width="288" height="268" frameX="-76" frameY="-23" frameWidth="410" frameHeight="309"/>
    <SubTexture name="N death0031" x="1150" y="522" width="288" height="268" frameX="-76" frameY="-23" frameWidth="410" frameHeight="309"/>
    <SubTexture name="N death0032" x="1150" y="522" width="288" height="268" frameX="-76" frameY="-23" frameWidth="410" frameHeight="309"/>
    <SubTexture name="N death0033" x="1150" y="522" width="288" height="268" frameX="-76" frameY="-23" frameWidth="410" frameHeight="309"/>
    <SubTexture name="N death0034" x="1150" y="522" width="288" height="268" frameX="-76" frameY="-23" frameWidth="410" frameHeight="309"/>
    <SubTexture name="N death0035" x="1150" y="522" width="288" height="268" frameX="-76" frameY="-23" frameWidth="410" frameHeight="309"/>
    <SubTexture name="N death0036" x="1150" y="522" width="288" height="268" frameX="-76" frameY="-23" frameWidth="410" frameHeight="309"/>
    <SubTexture name="N death0037" x="1150" y="522" width="288" height="268" frameX="-76" frameY="-23" frameWidth="410" frameHeight="309"/>
    <SubTexture name="N death0038" x="1150" y="522" width="288" height="268" frameX="-76" frameY="-23" frameWidth="410" frameHeight="309"/>
    <SubTexture name="N death0039" x="1150" y="522" width="288" height="268" frameX="-76" frameY="-23" frameWidth="410" frameHeight="309"/>
    <SubTexture name="N death0040" x="1150" y="522" width="288" height="268" frameX="-76" frameY="-23" frameWidth="410" frameHeight="309"/>
    <SubTexture name="N death0041" x="1150" y="522" width="288" height="268" frameX="-76" frameY="-23" frameWidth="410" frameHeight="309"/>
    <SubTexture name="N death0042" x="1150" y="522" width="288" height="268" frameX="-76" frameY="-23" frameWidth="410" frameHeight="309"/>
    <SubTexture name="N death0043" x="1150" y="522" width="288" height="268" frameX="-76" frameY="-23" frameWidth="410" frameHeight="309"/>
    <SubTexture name="N death0044" x="1150" y="522" width="288" height="268" frameX="-76" frameY="-23" frameWidth="410" frameHeight="309"/>
    <SubTexture name="N death0045" x="1150" y="522" width="288" height="268" frameX="-76" frameY="-23" frameWidth="410" frameHeight="309"/>
    <SubTexture name="N death0046" x="1150" y="522" width="288" height="268" frameX="-76" frameY="-23" frameWidth="410" frameHeight="309"/>
    <SubTexture name="N death0047" x="1150" y="522" width="288" height="268" frameX="-76" frameY="-23" frameWidth="410" frameHeight="309"/>
    <SubTexture name="N death0048" x="1150" y="522" width="288" height="268" frameX="-76" frameY="-23" frameWidth="410" frameHeight="309"/>
    <SubTexture name="N death0049" x="1150" y="522" width="288" height="268" frameX="-76" frameY="-23" frameWidth="410" frameHeight="309"/>
    <SubTexture name="N death0050" x="1150" y="522" width="288" height="268" frameX="-76" frameY="-23" frameWidth="410" frameHeight="309"/>
    <SubTexture name="N death0051" x="1150" y="522" width="288" height="268" frameX="-76" frameY="-23" frameWidth="410" frameHeight="309"/>
    <SubTexture name="N death0052" x="1150" y="522" width="288" height="268" frameX="-76" frameY="-23" frameWidth="410" frameHeight="309"/>
    <SubTexture name="N death0053" x="1150" y="522" width="288" height="268" frameX="-76" frameY="-23" frameWidth="410" frameHeight="309"/>
    <SubTexture name="N death0054" x="1150" y="522" width="288" height="268" frameX="-76" frameY="-23" frameWidth="410" frameHeight="309"/>
    <SubTexture name="N death0055" x="1150" y="522" width="288" height="268" frameX="-76" frameY="-23" frameWidth="410" frameHeight="309"/>
    <SubTexture name="N death0056" x="1150" y="522" width="288" height="268" frameX="-76" frameY="-23" frameWidth="410" frameHeight="309"/>
    <SubTexture name="N death0057" x="1150" y="522" width="288" height="268" frameX="-76" frameY="-23" frameWidth="410" frameHeight="309"/>
    <SubTexture name="N death0058" x="1150" y="522" width="288" height="268" frameX="-76" frameY="-23" frameWidth="410" frameHeight="309"/>
    <SubTexture name="N death0059" x="1150" y="522" width="288" height="268" frameX="-76" frameY="-23" frameWidth="410" frameHeight="309"/>
    <SubTexture name="N death0060" x="1150" y="522" width="288" height="268" frameX="-76" frameY="-23" frameWidth="410" frameHeight="309"/>
    <SubTexture name="N death0061" x="1150" y="522" width="288" height="268" frameX="-76" frameY="-23" frameWidth="410" frameHeight="309"/>
    <SubTexture name="N death0062" x="1150" y="522" width="288" height="268" frameX="-76" frameY="-23" frameWidth="410" frameHeight="309"/>
    <SubTexture name="N death0063" x="1150" y="522" width="288" height="268" frameX="-76" frameY="-23" frameWidth="410" frameHeight="309"/>
    <SubTexture name="N death0064" x="1150" y="522" width="288" height="268" frameX="-76" frameY="-23" frameWidth="410" frameHeight="309"/>
    <SubTexture name="N death0065" x="1150" y="522" width="288" height="268" frameX="-76" frameY="-23" frameWidth="410" frameHeight="309"/>
    <SubTexture name="N death0066" x="1150" y="522" width="288" height="268" frameX="-76" frameY="-23" frameWidth="410" frameHeight="309"/>
    <SubTexture name="N death0067" x="1150" y="522" width="288" height="268" frameX="-76" frameY="-23" frameWidth="410" frameHeight="309"/>
    <SubTexture name="N death0068" x="1150" y="522" width="288" height="268" frameX="-76" frameY="-23" frameWidth="410" frameHeight="309"/>
    <SubTexture name="N death0069" x="1150" y="522" width="288" height="268" frameX="-76" frameY="-23" frameWidth="410" frameHeight="309"/>
    <SubTexture name="N death0070" x="1150" y="522" width="288" height="268" frameX="-76" frameY="-23" frameWidth="410" frameHeight="309"/>
    <SubTexture name="N death0071" x="1150" y="522" width="288" height="268" frameX="-76" frameY="-23" frameWidth="410" frameHeight="309"/>
    <SubTexture name="N death0072" x="1150" y="522" width="288" height="268" frameX="-76" frameY="-23" frameWidth="410" frameHeight="309"/>
    <SubTexture name="N death0073" x="1150" y="522" width="288" height="268" frameX="-76" frameY="-23" frameWidth="410" frameHeight="309"/>
    <SubTexture name="N death0074" x="1150" y="522" width="288" height="268" frameX="-76" frameY="-23" frameWidth="410" frameHeight="309"/>
    <SubTexture name="N death0075" x="1150" y="522" width="288" height="268" frameX="-76" frameY="-23" frameWidth="410" frameHeight="309"/>
    <SubTexture name="N death0076" x="1150" y="522" width="288" height="268" frameX="-76" frameY="-23" frameWidth="410" frameHeight="309"/>
    <SubTexture name="N death0077" x="1150" y="522" width="288" height="268" frameX="-76" frameY="-23" frameWidth="410" frameHeight="309"/>
    <SubTexture name="N death0078" x="1150" y="522" width="288" height="268" frameX="-76" frameY="-23" frameWidth="410" frameHeight="309"/>
    <SubTexture name="N down miss0000" x="296" y="2" width="332" height="241" frameX="-3" frameY="-37" frameWidth="338" frameHeight="278"/>
    <SubTexture name="N down miss0001" x="1734" y="528" width="332" height="278" frameX="-3" frameY="0" frameWidth="338" frameHeight="278"/>
    <SubTexture name="N down miss0002" x="2069" y="531" width="337" height="278" frameX="-1" frameY="0" frameWidth="338" frameHeight="278"/>
    <SubTexture name="N down miss0003" x="2409" y="532" width="338" height="278"/>
    <SubTexture name="N down miss0004" x="2409" y="532" width="338" height="278"/>
    <SubTexture name="N down miss0005" x="2750" y="532" width="338" height="278"/>
    <SubTexture name="N down miss0006" x="2750" y="532" width="338" height="278"/>
    <SubTexture name="N down miss0007" x="2409" y="532" width="338" height="278"/>
    <SubTexture name="N down miss0008" x="2409" y="532" width="338" height="278"/>
    <SubTexture name="N down miss0009" x="2750" y="532" width="338" height="278"/>
    <SubTexture name="N down miss0010" x="2750" y="532" width="338" height="278"/>
    <SubTexture name="N down miss0011" x="2409" y="532" width="338" height="278"/>
    <SubTexture name="N down miss0012" x="2409" y="532" width="338" height="278"/>
    <SubTexture name="N down miss0013" x="2750" y="532" width="338" height="278"/>
    <SubTexture name="N down miss0014" x="2750" y="532" width="338" height="278"/>
    <SubTexture name="N down0000" x="631" y="2" width="329" height="241" frameX="0" frameY="-20" frameWidth="329" frameHeight="261"/>
    <SubTexture name="N down0001" x="963" y="2" width="329" height="249" frameX="0" frameY="-10" frameWidth="329" frameHeight="261"/>
    <SubTexture name="N down0002" x="2525" y="2" width="302" height="258" frameX="-14" frameY="0" frameWidth="329" frameHeight="261"/>
    <SubTexture name="N down0003" x="2830" y="2" width="302" height="258" frameX="-14" frameY="0" frameWidth="329" frameHeight="261"/>
    <SubTexture name="N down0004" x="2525" y="2" width="302" height="258" frameX="-14" frameY="0" frameWidth="329" frameHeight="261"/>
    <SubTexture name="N down0005" x="2830" y="2" width="302" height="258" frameX="-14" frameY="0" frameWidth="329" frameHeight="261"/>
    <SubTexture name="N down0006" x="2525" y="2" width="302" height="258" frameX="-14" frameY="0" frameWidth="329" frameHeight="261"/>
    <SubTexture name="N down0007" x="2830" y="2" width="302" height="258" frameX="-14" frameY="0" frameWidth="329" frameHeight="261"/>
    <SubTexture name="N down0008" x="2525" y="2" width="302" height="258" frameX="-14" frameY="0" frameWidth="329" frameHeight="261"/>
    <SubTexture name="N down0009" x="2830" y="2" width="302" height="258" frameX="-14" frameY="0" frameWidth="329" frameHeight="261"/>
    <SubTexture name="N idle0000" x="1295" y="2" width="320" height="252" frameX="0" frameY="-12" frameWidth="320" frameHeight="264"/>
    <SubTexture name="N idle0001" x="1618" y="2" width="310" height="252" frameX="-7" frameY="-10" frameWidth="320" frameHeight="264"/>
    <SubTexture name="N idle0002" x="1931" y="2" width="299" height="255" frameX="-13" frameY="-6" frameWidth="320" frameHeight="264"/>
    <SubTexture name="N idle0003" x="2233" y="2" width="289" height="257" frameX="-20" frameY="-2" frameWidth="320" frameHeight="264"/>
    <SubTexture name="N idle0004" x="3135" y="2" width="276" height="258" frameX="-27" frameY="0" frameWidth="320" frameHeight="264"/>
    <SubTexture name="N idle0005" x="3414" y="2" width="277" height="258" frameX="-27" frameY="0" frameWidth="320" frameHeight="264"/>
    <SubTexture name="N idle0006" x="3135" y="2" width="276" height="258" frameX="-27" frameY="0" frameWidth="320" frameHeight="264"/>
    <SubTexture name="N idle0007" x="3414" y="2" width="277" height="258" frameX="-27" frameY="0" frameWidth="320" frameHeight="264"/>
    <SubTexture name="N idle0008" x="3135" y="2" width="276" height="258" frameX="-27" frameY="0" frameWidth="320" frameHeight="264"/>
    <SubTexture name="N idle0009" x="3414" y="2" width="277" height="258" frameX="-27" frameY="0" frameWidth="320" frameHeight="264"/>
    <SubTexture name="N idle0010" x="3135" y="2" width="276" height="258" frameX="-27" frameY="0" frameWidth="320" frameHeight="264"/>
    <SubTexture name="N idle0011" x="3414" y="2" width="277" height="258" frameX="-27" frameY="0" frameWidth="320" frameHeight="264"/>
    <SubTexture name="N idle0012" x="3135" y="2" width="276" height="258" frameX="-27" frameY="0" frameWidth="320" frameHeight="264"/>
    <SubTexture name="N idle0013" x="3414" y="2" width="277" height="258" frameX="-27" frameY="0" frameWidth="320" frameHeight="264"/>
    <SubTexture name="N idle0014" x="3135" y="2" width="276" height="258" frameX="-27" frameY="0" frameWidth="320" frameHeight="264"/>
    <SubTexture name="N left miss0000" x="2" y="2" width="291" height="215" frameX="-3" frameY="-54" frameWidth="309" frameHeight="269"/>
    <SubTexture name="N left miss0001" x="1637" y="1680" width="290" height="323" frameX="-3" frameY="0" frameWidth="293" frameHeight="323"/>
    <SubTexture name="N left miss0002" x="1930" y="1680" width="292" height="323" frameX="-1" frameY="0" frameWidth="293" frameHeight="323"/>
    <SubTexture name="N left miss0003" x="2225" y="1681" width="291" height="323" frameX="0" frameY="0" frameWidth="293" frameHeight="323"/>
    <SubTexture name="N left miss0004" x="2225" y="1681" width="291" height="323" frameX="0" frameY="0" frameWidth="293" frameHeight="323"/>
    <SubTexture name="N left miss0005" x="2519" y="1682" width="291" height="323" frameX="0" frameY="0" frameWidth="293" frameHeight="323"/>
    <SubTexture name="N left miss0006" x="2519" y="1682" width="291" height="323" frameX="0" frameY="0" frameWidth="293" frameHeight="323"/>
    <SubTexture name="N left miss0007" x="2225" y="1681" width="291" height="323" frameX="0" frameY="0" frameWidth="293" frameHeight="323"/>
    <SubTexture name="N left miss0008" x="2225" y="1681" width="291" height="323" frameX="0" frameY="0" frameWidth="293" frameHeight="323"/>
    <SubTexture name="N left miss0009" x="2519" y="1682" width="291" height="323" frameX="0" frameY="0" frameWidth="293" frameHeight="323"/>
    <SubTexture name="N left0000" x="1441" y="527" width="290" height="269" frameX="0" frameY="0" frameWidth="309" frameHeight="269"/>
    <SubTexture name="N left0001" x="563" y="515" width="284" height="266" frameX="-15" frameY="0" frameWidth="309" frameHeight="269"/>
    <SubTexture name="N left0002" x="1947" y="260" width="277" height="265" frameX="-32" frameY="-2" frameWidth="309" frameHeight="269"/>
    <SubTexture name="N left0003" x="1112" y="257" width="275" height="262" frameX="-34" frameY="-2" frameWidth="309" frameHeight="269"/>
    <SubTexture name="N left0004" x="1947" y="260" width="277" height="265" frameX="-32" frameY="-2" frameWidth="309" frameHeight="269"/>
    <SubTexture name="N left0005" x="1112" y="257" width="275" height="262" frameX="-34" frameY="-2" frameWidth="309" frameHeight="269"/>
    <SubTexture name="N left0006" x="1947" y="260" width="277" height="265" frameX="-32" frameY="-2" frameWidth="309" frameHeight="269"/>
    <SubTexture name="N left0007" x="1112" y="257" width="275" height="262" frameX="-34" frameY="-2" frameWidth="309" frameHeight="269"/>
    <SubTexture name="N left0008" x="1947" y="260" width="277" height="265" frameX="-32" frameY="-2" frameWidth="309" frameHeight="269"/>
    <SubTexture name="N left0009" x="1112" y="257" width="275" height="262" frameX="-34" frameY="-2" frameWidth="309" frameHeight="269"/>
    <SubTexture name="N left0010" x="1947" y="260" width="277" height="265" frameX="-32" frameY="-2" frameWidth="309" frameHeight="269"/>
    <SubTexture name="N right miss0000" x="3694" y="2" width="272" height="258" frameX="0" frameY="-47" frameWidth="274" frameHeight="305"/>
    <SubTexture name="N right miss0001" x="3718" y="1391" width="272" height="305" frameX="0" frameY="0" frameWidth="274" frameHeight="305"/>
    <SubTexture name="N right miss0002" x="806" y="1662" width="274" height="305"/>
    <SubTexture name="N right miss0003" x="1083" y="1672" width="274" height="305"/>
    <SubTexture name="N right miss0004" x="1083" y="1672" width="274" height="305"/>
    <SubTexture name="N right miss0005" x="1360" y="1679" width="274" height="305"/>
    <SubTexture name="N right miss0006" x="1360" y="1679" width="274" height="305"/>
    <SubTexture name="N right miss0007" x="1083" y="1672" width="274" height="305"/>
    <SubTexture name="N right miss0008" x="1083" y="1672" width="274" height="305"/>
    <SubTexture name="N right miss0009" x="1360" y="1679" width="274" height="305"/>
    <SubTexture name="N right0000" x="2" y="220" width="272" height="258" frameX="-11" frameY="0" frameWidth="283" frameHeight="258"/>
    <SubTexture name="N right0001" x="277" y="246" width="274" height="258" frameX="-6" frameY="0" frameWidth="283" frameHeight="258"/>
    <SubTexture name="N right0002" x="554" y="246" width="276" height="258" frameX="0" frameY="0" frameWidth="283" frameHeight="258"/>
    <SubTexture name="N right0003" x="833" y="254" width="276" height="258" frameX="0" frameY="0" frameWidth="283" frameHeight="258"/>
    <SubTexture name="N right0004" x="554" y="246" width="276" height="258" frameX="0" frameY="0" frameWidth="283" frameHeight="258"/>
    <SubTexture name="N right0005" x="833" y="254" width="276" height="258" frameX="0" frameY="0" frameWidth="283" frameHeight="258"/>
    <SubTexture name="N right0006" x="554" y="246" width="276" height="258" frameX="0" frameY="0" frameWidth="283" frameHeight="258"/>
    <SubTexture name="N right0007" x="833" y="254" width="276" height="258" frameX="0" frameY="0" frameWidth="283" frameHeight="258"/>
    <SubTexture name="N right0008" x="554" y="246" width="276" height="258" frameX="0" frameY="0" frameWidth="283" frameHeight="258"/>
    <SubTexture name="N right0009" x="833" y="254" width="276" height="258" frameX="0" frameY="0" frameWidth="283" frameHeight="258"/>
    <SubTexture name="N up miss0000" x="2" y="756" width="263" height="285" frameX="0" frameY="-49" frameWidth="263" frameHeight="334"/>
    <SubTexture name="N up miss0001" x="2813" y="1685" width="263" height="334"/>
    <SubTexture name="N up miss0002" x="3079" y="1685" width="263" height="334"/>
    <SubTexture name="N up miss0003" x="3345" y="1685" width="263" height="334"/>
    <SubTexture name="N up miss0004" x="3345" y="1685" width="263" height="334"/>
    <SubTexture name="N up miss0005" x="3611" y="1699" width="263" height="334"/>
    <SubTexture name="N up miss0006" x="3611" y="1699" width="263" height="334"/>
    <SubTexture name="N up miss0007" x="3345" y="1685" width="263" height="334"/>
    <SubTexture name="N up miss0008" x="3345" y="1685" width="263" height="334"/>
    <SubTexture name="N up miss0009" x="3611" y="1699" width="263" height="334"/>
    <SubTexture name="N up0000" x="268" y="776" width="266" height="285" frameX="-5" frameY="0" frameWidth="276" frameHeight="285"/>
    <SubTexture name="N up0001" x="2" y="481" width="269" height="272" frameX="-3" frameY="-10" frameWidth="276" frameHeight="285"/>
    <SubTexture name="N up0002" x="1668" y="260" width="276" height="264" frameX="0" frameY="-21" frameWidth="276" frameHeight="285"/>
    <SubTexture name="N up0003" x="1390" y="257" width="275" height="262" frameX="0" frameY="-21" frameWidth="276" frameHeight="285"/>
    <SubTexture name="N up0004" x="1668" y="260" width="276" height="264" frameX="0" frameY="-21" frameWidth="276" frameHeight="285"/>
    <SubTexture name="N up0005" x="1390" y="257" width="275" height="262" frameX="0" frameY="-21" frameWidth="276" frameHeight="285"/>
    <SubTexture name="N up0006" x="1668" y="260" width="276" height="264" frameX="0" frameY="-21" frameWidth="276" frameHeight="285"/>
    <SubTexture name="N up0007" x="1390" y="257" width="275" height="262" frameX="0" frameY="-21" frameWidth="276" frameHeight="285"/>
    <SubTexture name="N up0008" x="1668" y="260" width="276" height="264" frameX="0" frameY="-21" frameWidth="276" frameHeight="285"/>
    <SubTexture name="N up0009" x="1390" y="257" width="275" height="262" frameX="0" frameY="-21" frameWidth="276" frameHeight="285"/>
</TextureAtlas>
