<?xml version="1.0" encoding="UTF-8"?>
<!-- Created with TexturePacker https://www.codeandweb.com/texturepacker -->
<!-- $TexturePacker:SmartUpdate:0e865ab762c6a9deee34b72d4477fea5:d447c781a2304da6e90f47d6813ad849:dc10cd049ebf8508d63b42a0984cce00$ -->
<TextureAtlas imagePath="a.png" width="2048" height="2048">
    <SubTexture name="Down0000" x="1243" y="2" width="438" height="300" frameX="-74" frameY="-106" frameWidth="562" frameHeight="436"/>
    <SubTexture name="Down0001" x="1624" y="376" width="375" height="351" frameX="-75" frameY="-56" frameWidth="562" frameHeight="436"/>
    <SubTexture name="Down0002" x="945" y="660" width="347" height="373" frameX="-74" frameY="-35" frameWidth="562" frameHeight="436"/>
    <SubTexture name="Down0003" x="1657" y="1114" width="336" height="382" frameX="-75" frameY="-26" frameWidth="562" frameHeight="436"/>
    <SubTexture name="Down0004" x="1661" y="1499" width="334" height="384" frameX="-75" frameY="-24" frameWidth="562" frameHeight="436"/>
    <SubTexture name="Down0005" x="1661" y="1499" width="334" height="384" frameX="-75" frameY="-24" frameWidth="562" frameHeight="436"/>
    <SubTexture name="Down0006" x="1661" y="1499" width="334" height="384" frameX="-75" frameY="-24" frameWidth="562" frameHeight="436"/>
    <SubTexture name="Idle0000" x="1243" y="305" width="378" height="352" frameX="-64" frameY="-55" frameWidth="484" frameHeight="436"/>
    <SubTexture name="Idle0001" x="1684" y="2" width="351" height="371" frameX="-64" frameY="-37" frameWidth="484" frameHeight="436"/>
    <SubTexture name="Idle0002" x="1657" y="730" width="339" height="381" frameX="-64" frameY="-27" frameWidth="484" frameHeight="436"/>
    <SubTexture name="Idle0003" x="1323" y="1499" width="335" height="384" frameX="-64" frameY="-24" frameWidth="484" frameHeight="436"/>
    <SubTexture name="Idle0004" x="1323" y="1499" width="335" height="384" frameX="-64" frameY="-24" frameWidth="484" frameHeight="436"/>
    <SubTexture name="Idle0005" x="1323" y="1499" width="335" height="384" frameX="-64" frameY="-24" frameWidth="484" frameHeight="436"/>
    <SubTexture name="Idle0006" x="1323" y="1499" width="335" height="384" frameX="-64" frameY="-24" frameWidth="484" frameHeight="436"/>
    <SubTexture name="Left0000" x="223" y="2" width="343" height="437" frameX="-86" frameY="-27" frameWidth="516" frameHeight="496"/>
    <SubTexture name="Left0001" x="569" y="2" width="335" height="408" frameX="-124" frameY="-55" frameWidth="516" frameHeight="496"/>
    <SubTexture name="Left0002" x="340" y="854" width="332" height="392" frameX="-140" frameY="-71" frameWidth="516" frameHeight="496"/>
    <SubTexture name="Left0003" x="907" y="2" width="333" height="386" frameX="-145" frameY="-77" frameWidth="516" frameHeight="496"/>
    <SubTexture name="Left0004" x="988" y="1424" width="332" height="385" frameX="-146" frameY="-78" frameWidth="516" frameHeight="496"/>
    <SubTexture name="Left0005" x="652" y="1638" width="333" height="385" frameX="-146" frameY="-78" frameWidth="516" frameHeight="496"/>
    <SubTexture name="Left0006" x="988" y="1424" width="332" height="385" frameX="-146" frameY="-78" frameWidth="516" frameHeight="496"/>
    <SubTexture name="Right0000" x="2" y="985" width="335" height="437" frameX="-57" frameY="-27" frameWidth="481" frameHeight="496"/>
    <SubTexture name="Right0001" x="291" y="442" width="318" height="409" frameX="-57" frameY="-55" frameWidth="481" frameHeight="496"/>
    <SubTexture name="Right0002" x="323" y="1425" width="326" height="393" frameX="-57" frameY="-70" frameWidth="481" frameHeight="496"/>
    <SubTexture name="Right0003" x="652" y="1249" width="331" height="386" frameX="-57" frameY="-77" frameWidth="481" frameHeight="496"/>
    <SubTexture name="Right0004" x="1322" y="730" width="332" height="385" frameX="-57" frameY="-78" frameWidth="481" frameHeight="496"/>
    <SubTexture name="Right0005" x="1322" y="730" width="332" height="385" frameX="-57" frameY="-78" frameWidth="481" frameHeight="496"/>
    <SubTexture name="Right0006" x="1322" y="730" width="332" height="385" frameX="-57" frameY="-78" frameWidth="481" frameHeight="496"/>
    <SubTexture name="Up0000" x="2" y="2" width="218" height="533" frameX="-56" frameY="-33" frameWidth="425" frameHeight="606"/>
    <SubTexture name="Up0001" x="2" y="538" width="286" height="444" frameX="-55" frameY="-120" frameWidth="425" frameHeight="606"/>
    <SubTexture name="Up0002" x="2" y="1425" width="318" height="404" frameX="-55" frameY="-159" frameWidth="425" frameHeight="606"/>
    <SubTexture name="Up0003" x="612" y="413" width="330" height="389" frameX="-55" frameY="-174" frameWidth="425" frameHeight="606"/>
    <SubTexture name="Up0004" x="986" y="1036" width="333" height="385" frameX="-55" frameY="-178" frameWidth="425" frameHeight="606"/>
    <SubTexture name="Up0005" x="986" y="1036" width="333" height="385" frameX="-55" frameY="-178" frameWidth="425" frameHeight="606"/>
    <SubTexture name="Up0006" x="986" y="1036" width="333" height="385" frameX="-55" frameY="-178" frameWidth="425" frameHeight="606"/>
</TextureAtlas>
