<?xml version="1.0" encoding="UTF-8"?>
<!-- Created with TexturePacker https://www.codeandweb.com/texturepacker -->
<!-- $TexturePacker:SmartUpdate:78c48bd9742adaab5d6570c10de6417d:cc4a8b7e66e8730c203f16bf8ff81495:19fe1c91e5efa8612b897d11e7ae6aca$ -->
<TextureAtlas imagePath="BF_Death.png" width="4096" height="4096">
    <SubTexture name="BF Dead confirm0000" x="2064" y="1363" width="499" height="380" frameX="-4" frameY="-81" frameWidth="503" frameHeight="461"/>
    <SubTexture name="BF Dead confirm0001" x="2064" y="944" width="499" height="416" frameX="-4" frameY="-45" frameWidth="503" frameHeight="461"/>
    <SubTexture name="BF Dead confirm0002" x="1562" y="988" width="499" height="433" frameX="-4" frameY="-28" frameWidth="503" frameHeight="461"/>
    <SubTexture name="BF Dead confirm0003" x="2566" y="945" width="499" height="416" frameX="-4" frameY="-45" frameWidth="503" frameHeight="461"/>
    <SubTexture name="BF Dead confirm0004" x="2566" y="1364" width="499" height="415" frameX="-4" frameY="-46" frameWidth="503" frameHeight="461"/>
    <SubTexture name="BF Dead confirm0005" x="1562" y="1424" width="499" height="415" frameX="-4" frameY="-46" frameWidth="503" frameHeight="461"/>
    <SubTexture name="BF Dead confirm0006" x="2064" y="1746" width="499" height="415" frameX="-4" frameY="-46" frameWidth="503" frameHeight="461"/>
    <SubTexture name="BF Dead confirm0007" x="2566" y="1782" width="499" height="415" frameX="-4" frameY="-46" frameWidth="503" frameHeight="461"/>
    <SubTexture name="BF Dead confirm0008" x="3068" y="1399" width="499" height="415" frameX="-4" frameY="-46" frameWidth="503" frameHeight="461"/>
    <SubTexture name="BF Dead confirm0009" x="3068" y="1817" width="499" height="415" frameX="-4" frameY="-46" frameWidth="503" frameHeight="461"/>
    <SubTexture name="BF Dead confirm0010" x="3448" y="945" width="499" height="414" frameX="-4" frameY="-47" frameWidth="503" frameHeight="461"/>
    <SubTexture name="BF Dead confirm0011" x="3570" y="1362" width="499" height="414" frameX="-4" frameY="-47" frameWidth="503" frameHeight="461"/>
    <SubTexture name="BF Dead confirm0012" x="3570" y="1779" width="499" height="413" frameX="-4" frameY="-48" frameWidth="503" frameHeight="461"/>
    <SubTexture name="BF Dead confirm0013" x="3570" y="2195" width="499" height="413" frameX="-4" frameY="-48" frameWidth="503" frameHeight="461"/>
    <SubTexture name="BF Dead confirm0014" x="790" y="2590" width="499" height="412" frameX="-4" frameY="-49" frameWidth="503" frameHeight="461"/>
    <SubTexture name="BF Dead confirm0015" x="790" y="3005" width="499" height="411" frameX="-4" frameY="-50" frameWidth="503" frameHeight="461"/>
    <SubTexture name="BF Dead confirm0016" x="948" y="3419" width="499" height="410" frameX="-4" frameY="-51" frameWidth="503" frameHeight="461"/>
    <SubTexture name="BF Dead confirm0017" x="1292" y="2590" width="499" height="407" frameX="-4" frameY="-54" frameWidth="503" frameHeight="461"/>
    <SubTexture name="BF Dead confirm0018" x="1292" y="3000" width="499" height="405" frameX="-4" frameY="-56" frameWidth="503" frameHeight="461"/>
    <SubTexture name="BF Dead confirm0019" x="1450" y="3408" width="500" height="403" frameX="-3" frameY="-58" frameWidth="503" frameHeight="461"/>
    <SubTexture name="BF Dead confirm0020" x="1794" y="2590" width="500" height="399" frameX="-3" frameY="-62" frameWidth="503" frameHeight="461"/>
    <SubTexture name="BF Dead confirm0021" x="1794" y="2992" width="500" height="389" frameX="-3" frameY="-72" frameWidth="503" frameHeight="461"/>
    <SubTexture name="BF Dead confirm0022" x="1382" y="2206" width="500" height="381" frameX="-3" frameY="-80" frameWidth="503" frameHeight="461"/>
    <SubTexture name="BF Dead confirm0023" x="1885" y="2206" width="500" height="381" frameX="-3" frameY="-80" frameWidth="503" frameHeight="461"/>
    <SubTexture name="BF Dead confirm0024" x="878" y="2206" width="501" height="381" frameX="-2" frameY="-80" frameWidth="503" frameHeight="461"/>
    <SubTexture name="BF Dead confirm0025" x="878" y="2206" width="501" height="381" frameX="-2" frameY="-80" frameWidth="503" frameHeight="461"/>
    <SubTexture name="BF Dead confirm0026" x="878" y="2206" width="501" height="381" frameX="-2" frameY="-80" frameWidth="503" frameHeight="461"/>
    <SubTexture name="BF Dead confirm0027" x="878" y="2206" width="501" height="381" frameX="-2" frameY="-80" frameWidth="503" frameHeight="461"/>
    <SubTexture name="BF Dead confirm0028" x="878" y="2206" width="501" height="381" frameX="-2" frameY="-80" frameWidth="503" frameHeight="461"/>
    <SubTexture name="BF Dead confirm0029" x="878" y="2206" width="501" height="381" frameX="-2" frameY="-80" frameWidth="503" frameHeight="461"/>
    <SubTexture name="BF Dead confirm0030" x="878" y="2206" width="501" height="381" frameX="-2" frameY="-80" frameWidth="503" frameHeight="461"/>
    <SubTexture name="BF Dead confirm0031" x="878" y="2206" width="501" height="381" frameX="-2" frameY="-80" frameWidth="503" frameHeight="461"/>
    <SubTexture name="BF Dead confirm0032" x="878" y="2206" width="501" height="381" frameX="-2" frameY="-80" frameWidth="503" frameHeight="461"/>
    <SubTexture name="BF Dead confirm0033" x="878" y="2206" width="501" height="381" frameX="-2" frameY="-80" frameWidth="503" frameHeight="461"/>
    <SubTexture name="BF Dead confirm0034" x="878" y="2206" width="501" height="381" frameX="-2" frameY="-80" frameWidth="503" frameHeight="461"/>
    <SubTexture name="BF Dead Loop0000" x="3392" y="2611" width="497" height="379"/>
    <SubTexture name="BF Dead Loop0001" x="3301" y="2993" width="497" height="379"/>
    <SubTexture name="BF Dead Loop0002" x="3301" y="2993" width="497" height="379"/>
    <SubTexture name="BF Dead Loop0003" x="2455" y="3292" width="497" height="379"/>
    <SubTexture name="BF Dead Loop0004" x="2455" y="3292" width="497" height="379"/>
    <SubTexture name="BF Dead Loop0005" x="2455" y="3674" width="497" height="379"/>
    <SubTexture name="BF Dead Loop0006" x="2455" y="3674" width="497" height="379"/>
    <SubTexture name="BF Dead Loop0007" x="2955" y="3375" width="497" height="379"/>
    <SubTexture name="BF Dead Loop0008" x="2955" y="3375" width="497" height="379"/>
    <SubTexture name="BF Dead Loop0009" x="2955" y="3375" width="497" height="379"/>
    <SubTexture name="BF Dead Loop0010" x="2955" y="3375" width="497" height="379"/>
    <SubTexture name="BF Dead Loop0011" x="2955" y="3375" width="497" height="379"/>
    <SubTexture name="BF Dead Loop0012" x="2955" y="3375" width="497" height="379"/>
    <SubTexture name="BF Dead Loop0013" x="2955" y="3375" width="497" height="379"/>
    <SubTexture name="BF Dead Loop0014" x="2955" y="3375" width="497" height="379"/>
    <SubTexture name="BF Dead Loop0015" x="2955" y="3375" width="497" height="379"/>
    <SubTexture name="BF Dead Loop0016" x="2955" y="3375" width="497" height="379"/>
    <SubTexture name="BF dies0000" x="1455" y="517" width="576" height="468" frameX="-535" frameY="-90" frameWidth="1960" frameHeight="602"/>
    <SubTexture name="BF dies0001" x="2" y="3587" width="576" height="469" frameX="-535" frameY="-90" frameWidth="1960" frameHeight="602"/>
    <SubTexture name="BF dies0002" x="984" y="988" width="575" height="468" frameX="-535" frameY="-90" frameWidth="1960" frameHeight="602"/>
    <SubTexture name="BF dies0003" x="885" y="1459" width="574" height="469" frameX="-535" frameY="-90" frameWidth="1960" frameHeight="602"/>
    <SubTexture name="BF dies0004" x="2034" y="473" width="567" height="468" frameX="-535" frameY="-90" frameWidth="1960" frameHeight="602"/>
    <SubTexture name="BF dies0005" x="2604" y="473" width="551" height="469" frameX="-535" frameY="-90" frameWidth="1960" frameHeight="602"/>
    <SubTexture name="BF dies0006" x="3158" y="473" width="510" height="468" frameX="-535" frameY="-90" frameWidth="1960" frameHeight="602"/>
    <SubTexture name="BF dies0007" x="3671" y="473" width="389" height="469" frameX="-535" frameY="-91" frameWidth="1960" frameHeight="602"/>
    <SubTexture name="BF dies0008" x="581" y="3587" width="364" height="469" frameX="-551" frameY="-90" frameWidth="1960" frameHeight="602"/>
    <SubTexture name="BF dies0009" x="3068" y="945" width="377" height="451" frameX="-549" frameY="-107" frameWidth="1960" frameHeight="602"/>
    <SubTexture name="BF dies0010" x="581" y="3587" width="364" height="469" frameX="-551" frameY="-90" frameWidth="1960" frameHeight="602"/>
    <SubTexture name="BF dies0011" x="3068" y="945" width="377" height="451" frameX="-549" frameY="-107" frameWidth="1960" frameHeight="602"/>
    <SubTexture name="BF dies0012" x="581" y="3587" width="364" height="469" frameX="-551" frameY="-90" frameWidth="1960" frameHeight="602"/>
    <SubTexture name="BF dies0013" x="3068" y="945" width="377" height="451" frameX="-549" frameY="-107" frameWidth="1960" frameHeight="602"/>
    <SubTexture name="BF dies0014" x="581" y="3587" width="364" height="469" frameX="-551" frameY="-90" frameWidth="1960" frameHeight="602"/>
    <SubTexture name="BF dies0015" x="3068" y="945" width="377" height="451" frameX="-549" frameY="-107" frameWidth="1960" frameHeight="602"/>
    <SubTexture name="BF dies0016" x="581" y="3587" width="364" height="469" frameX="-551" frameY="-90" frameWidth="1960" frameHeight="602"/>
    <SubTexture name="BF dies0017" x="3068" y="945" width="377" height="451" frameX="-549" frameY="-107" frameWidth="1960" frameHeight="602"/>
    <SubTexture name="BF dies0018" x="2" y="2465" width="785" height="558" frameX="-129" frameY="0" frameWidth="1960" frameHeight="602"/>
    <SubTexture name="BF dies0019" x="2" y="3026" width="785" height="558" frameX="-130" frameY="0" frameWidth="1960" frameHeight="602"/>
    <SubTexture name="BF dies0020" x="2" y="1962" width="873" height="500" frameX="-43" frameY="-58" frameWidth="1960" frameHeight="602"/>
    <SubTexture name="BF dies0021" x="2" y="1459" width="880" height="500" frameX="-42" frameY="-58" frameWidth="1960" frameHeight="602"/>
    <SubTexture name="BF dies0022" x="3118" y="2" width="912" height="468" frameX="-36" frameY="-90" frameWidth="1960" frameHeight="602"/>
    <SubTexture name="BF dies0023" x="2" y="988" width="979" height="468" frameX="-36" frameY="-90" frameWidth="1960" frameHeight="602"/>
    <SubTexture name="BF dies0024" x="1952" y="2" width="1163" height="468" frameX="0" frameY="-90" frameWidth="1960" frameHeight="602"/>
    <SubTexture name="BF dies0025" x="2" y="517" width="1450" height="468" frameX="0" frameY="-90" frameWidth="1960" frameHeight="602"/>
    <SubTexture name="BF dies0026" x="2" y="2" width="1947" height="512" frameX="-10" frameY="-90" frameWidth="1960" frameHeight="602"/>
    <SubTexture name="BF dies0027" x="885" y="1931" width="507" height="272" frameX="-10" frameY="-330" frameWidth="1960" frameHeight="602"/>
    <SubTexture name="BF dies0028" x="1395" y="1931" width="499" height="272" frameX="-9" frameY="-330" frameWidth="1960" frameHeight="602"/>
    <SubTexture name="BF dies0029" x="1395" y="1931" width="499" height="272" frameX="-9" frameY="-330" frameWidth="1960" frameHeight="602"/>
    <SubTexture name="BF dies0030" x="1395" y="1931" width="499" height="272" frameX="-9" frameY="-330" frameWidth="1960" frameHeight="602"/>
    <SubTexture name="BF dies0031" x="1395" y="1931" width="499" height="272" frameX="-9" frameY="-330" frameWidth="1960" frameHeight="602"/>
    <SubTexture name="BF dies0032" x="1395" y="1931" width="499" height="272" frameX="-9" frameY="-330" frameWidth="1960" frameHeight="602"/>
    <SubTexture name="BF dies0033" x="1395" y="1931" width="499" height="272" frameX="-9" frameY="-330" frameWidth="1960" frameHeight="602"/>
    <SubTexture name="BF dies0034" x="1395" y="1931" width="499" height="272" frameX="-9" frameY="-330" frameWidth="1960" frameHeight="602"/>
    <SubTexture name="BF dies0035" x="1395" y="1931" width="499" height="272" frameX="-9" frameY="-330" frameWidth="1960" frameHeight="602"/>
    <SubTexture name="BF dies0036" x="1395" y="1931" width="499" height="272" frameX="-9" frameY="-330" frameWidth="1960" frameHeight="602"/>
    <SubTexture name="BF dies0037" x="1395" y="1931" width="499" height="272" frameX="-9" frameY="-330" frameWidth="1960" frameHeight="602"/>
    <SubTexture name="BF dies0038" x="1395" y="1931" width="499" height="272" frameX="-9" frameY="-330" frameWidth="1960" frameHeight="602"/>
    <SubTexture name="BF dies0039" x="1395" y="1931" width="499" height="272" frameX="-9" frameY="-330" frameWidth="1960" frameHeight="602"/>
    <SubTexture name="BF dies0040" x="1395" y="1931" width="499" height="272" frameX="-9" frameY="-330" frameWidth="1960" frameHeight="602"/>
    <SubTexture name="BF dies0041" x="1450" y="3814" width="499" height="272" frameX="-9" frameY="-330" frameWidth="1960" frameHeight="602"/>
    <SubTexture name="BF dies0042" x="1953" y="3767" width="499" height="272" frameX="-9" frameY="-330" frameWidth="1960" frameHeight="602"/>
    <SubTexture name="BF dies0043" x="2388" y="2583" width="499" height="283" frameX="-9" frameY="-319" frameWidth="1960" frameHeight="602"/>
    <SubTexture name="BF dies0044" x="2890" y="2594" width="499" height="319" frameX="-9" frameY="-283" frameWidth="1960" frameHeight="602"/>
    <SubTexture name="BF dies0045" x="2890" y="2235" width="499" height="356" frameX="-9" frameY="-246" frameWidth="1960" frameHeight="602"/>
    <SubTexture name="BF dies0046" x="2799" y="2916" width="499" height="373" frameX="-9" frameY="-229" frameWidth="1960" frameHeight="602"/>
    <SubTexture name="BF dies0047" x="2297" y="2869" width="499" height="378" frameX="-9" frameY="-224" frameWidth="1960" frameHeight="602"/>
    <SubTexture name="BF dies0048" x="1953" y="3384" width="499" height="380" frameX="-9" frameY="-222" frameWidth="1960" frameHeight="602"/>
    <SubTexture name="BF dies0049" x="2388" y="2200" width="499" height="380" frameX="-9" frameY="-222" frameWidth="1960" frameHeight="602"/>
    <SubTexture name="BF dies0050" x="2388" y="2200" width="499" height="380" frameX="-9" frameY="-222" frameWidth="1960" frameHeight="602"/>
</TextureAtlas>
