<?xml version="1.0" encoding="UTF-8"?>
<!-- Created with TexturePacker https://www.codeandweb.com/texturepacker -->
<!-- $TexturePacker:SmartUpdate:5d9d28b37fac40b3ce529c44f9aae49d:ba5c3b273a089d4f1ded36f414a90823:f9c7bc86058ced48d689d74c0e2e6be5$ -->
<TextureAtlas imagePath="F.png" width="2048" height="2048">
    <SubTexture name="Down0000" x="1269" y="1748" width="337" height="274" frameX="0" frameY="-48" frameWidth="337" frameHeight="322"/>
    <SubTexture name="Down0001" x="942" y="1750" width="324" height="276" frameX="0" frameY="-23" frameWidth="337" frameHeight="322"/>
    <SubTexture name="Down0002" x="2" y="1690" width="309" height="304" frameX="0" frameY="0" frameWidth="337" frameHeight="322"/>
    <SubTexture name="Down0003" x="314" y="1690" width="309" height="299" frameX="0" frameY="0" frameWidth="337" frameHeight="322"/>
    <SubTexture name="Down0004" x="2" y="1690" width="309" height="304" frameX="0" frameY="0" frameWidth="337" frameHeight="322"/>
    <SubTexture name="Down0005" x="314" y="1690" width="309" height="299" frameX="0" frameY="0" frameWidth="337" frameHeight="322"/>
    <SubTexture name="Down0006" x="2" y="1690" width="309" height="304" frameX="0" frameY="0" frameWidth="337" frameHeight="322"/>
    <SubTexture name="Down0007" x="314" y="1690" width="309" height="299" frameX="0" frameY="0" frameWidth="337" frameHeight="322"/>
    <SubTexture name="Down0008" x="2" y="1690" width="309" height="304" frameX="0" frameY="0" frameWidth="337" frameHeight="322"/>
    <SubTexture name="Down0009" x="314" y="1690" width="309" height="299" frameX="0" frameY="0" frameWidth="337" frameHeight="322"/>
    <SubTexture name="Down0010" x="2" y="1690" width="309" height="304" frameX="0" frameY="0" frameWidth="337" frameHeight="322"/>
    <SubTexture name="Down0011" x="314" y="1690" width="309" height="299" frameX="0" frameY="0" frameWidth="337" frameHeight="322"/>
    <SubTexture name="Down0012" x="2" y="1690" width="309" height="304" frameX="0" frameY="0" frameWidth="337" frameHeight="322"/>
    <SubTexture name="Down0013" x="314" y="1690" width="309" height="299" frameX="0" frameY="0" frameWidth="337" frameHeight="322"/>
    <SubTexture name="Down0014" x="2" y="1690" width="309" height="304" frameX="0" frameY="0" frameWidth="337" frameHeight="322"/>
    <SubTexture name="Idle0000" x="1595" y="2" width="333" height="379" frameX="0" frameY="-43" frameWidth="333" frameHeight="422"/>
    <SubTexture name="Idle0001" x="1579" y="422" width="323" height="384" frameX="0" frameY="-38" frameWidth="333" frameHeight="422"/>
    <SubTexture name="Idle0002" x="1563" y="866" width="311" height="389" frameX="-1" frameY="-33" frameWidth="333" frameHeight="422"/>
    <SubTexture name="Idle0003" x="1555" y="1292" width="305" height="407" frameX="0" frameY="-15" frameWidth="333" frameHeight="422"/>
    <SubTexture name="Idle0004" x="1289" y="2" width="303" height="417" frameX="0" frameY="-5" frameWidth="333" frameHeight="422"/>
    <SubTexture name="Idle0005" x="1275" y="442" width="301" height="421" frameX="0" frameY="-1" frameWidth="333" frameHeight="422"/>
    <SubTexture name="Idle0006" x="1261" y="867" width="299" height="422" frameX="-1" frameY="0" frameWidth="333" frameHeight="422"/>
    <SubTexture name="Idle0007" x="958" y="898" width="300" height="422" frameX="0" frameY="0" frameWidth="333" frameHeight="422"/>
    <SubTexture name="Idle0008" x="1252" y="1323" width="300" height="422" frameX="0" frameY="0" frameWidth="333" frameHeight="422"/>
    <SubTexture name="Idle0009" x="972" y="442" width="300" height="422" frameX="0" frameY="0" frameWidth="333" frameHeight="422"/>
    <SubTexture name="Idle0010" x="1252" y="1323" width="300" height="422" frameX="0" frameY="0" frameWidth="333" frameHeight="422"/>
    <SubTexture name="Idle0011" x="972" y="442" width="300" height="422" frameX="0" frameY="0" frameWidth="333" frameHeight="422"/>
    <SubTexture name="Idle0012" x="1252" y="1323" width="300" height="422" frameX="0" frameY="0" frameWidth="333" frameHeight="422"/>
    <SubTexture name="Idle0013" x="972" y="442" width="300" height="422" frameX="0" frameY="0" frameWidth="333" frameHeight="422"/>
    <SubTexture name="Idle0014" x="1252" y="1323" width="300" height="422" frameX="0" frameY="0" frameWidth="333" frameHeight="422"/>
    <SubTexture name="Left0000" x="953" y="2" width="333" height="437" frameX="0" frameY="-10" frameWidth="370" frameHeight="447"/>
    <SubTexture name="Left0001" x="641" y="452" width="328" height="443" frameX="-24" frameY="-4" frameWidth="370" frameHeight="447"/>
    <SubTexture name="Left0002" x="631" y="2" width="319" height="447" frameX="-51" frameY="0" frameWidth="370" frameHeight="447"/>
    <SubTexture name="Left0003" x="326" y="1012" width="319" height="447" frameX="-51" frameY="0" frameWidth="370" frameHeight="447"/>
    <SubTexture name="Left0004" x="631" y="2" width="319" height="447" frameX="-51" frameY="0" frameWidth="370" frameHeight="447"/>
    <SubTexture name="Left0005" x="326" y="1012" width="319" height="447" frameX="-51" frameY="0" frameWidth="370" frameHeight="447"/>
    <SubTexture name="Left0006" x="631" y="2" width="319" height="447" frameX="-51" frameY="0" frameWidth="370" frameHeight="447"/>
    <SubTexture name="Left0007" x="326" y="1012" width="319" height="447" frameX="-51" frameY="0" frameWidth="370" frameHeight="447"/>
    <SubTexture name="Left0008" x="631" y="2" width="319" height="447" frameX="-51" frameY="0" frameWidth="370" frameHeight="447"/>
    <SubTexture name="Left0009" x="326" y="1012" width="319" height="447" frameX="-51" frameY="0" frameWidth="370" frameHeight="447"/>
    <SubTexture name="Left0010" x="631" y="2" width="319" height="447" frameX="-51" frameY="0" frameWidth="370" frameHeight="447"/>
    <SubTexture name="Left0011" x="326" y="1012" width="319" height="447" frameX="-51" frameY="0" frameWidth="370" frameHeight="447"/>
    <SubTexture name="Left0012" x="631" y="2" width="319" height="447" frameX="-51" frameY="0" frameWidth="370" frameHeight="447"/>
    <SubTexture name="Left0013" x="326" y="1012" width="319" height="447" frameX="-51" frameY="0" frameWidth="370" frameHeight="447"/>
    <SubTexture name="Left0014" x="631" y="2" width="319" height="447" frameX="-51" frameY="0" frameWidth="370" frameHeight="447"/>
    <SubTexture name="Right0000" x="320" y="551" width="318" height="458"/>
    <SubTexture name="Right0001" x="626" y="1462" width="313" height="435" frameX="0" frameY="-23" frameWidth="318" frameHeight="458"/>
    <SubTexture name="Right0002" x="648" y="898" width="307" height="423" frameX="0" frameY="-35" frameWidth="318" frameHeight="458"/>
    <SubTexture name="Right0003" x="942" y="1324" width="307" height="423" frameX="0" frameY="-35" frameWidth="318" frameHeight="458"/>
    <SubTexture name="Right0004" x="648" y="898" width="307" height="423" frameX="0" frameY="-35" frameWidth="318" frameHeight="458"/>
    <SubTexture name="Right0005" x="942" y="1324" width="307" height="423" frameX="0" frameY="-35" frameWidth="318" frameHeight="458"/>
    <SubTexture name="Right0006" x="648" y="898" width="307" height="423" frameX="0" frameY="-35" frameWidth="318" frameHeight="458"/>
    <SubTexture name="Right0007" x="942" y="1324" width="307" height="423" frameX="0" frameY="-35" frameWidth="318" frameHeight="458"/>
    <SubTexture name="Right0008" x="648" y="898" width="307" height="423" frameX="0" frameY="-35" frameWidth="318" frameHeight="458"/>
    <SubTexture name="Right0009" x="942" y="1324" width="307" height="423" frameX="0" frameY="-35" frameWidth="318" frameHeight="458"/>
    <SubTexture name="Right0010" x="648" y="898" width="307" height="423" frameX="0" frameY="-35" frameWidth="318" frameHeight="458"/>
    <SubTexture name="Right0011" x="942" y="1324" width="307" height="423" frameX="0" frameY="-35" frameWidth="318" frameHeight="458"/>
    <SubTexture name="Right0012" x="648" y="898" width="307" height="423" frameX="0" frameY="-35" frameWidth="318" frameHeight="458"/>
    <SubTexture name="Right0013" x="942" y="1324" width="307" height="423" frameX="0" frameY="-35" frameWidth="318" frameHeight="458"/>
    <SubTexture name="Right0014" x="648" y="898" width="307" height="423" frameX="0" frameY="-35" frameWidth="318" frameHeight="458"/>
    <SubTexture name="Up0000" x="2" y="2" width="302" height="574" frameX="0" frameY="0" frameWidth="345" frameHeight="574"/>
    <SubTexture name="Up0001" x="2" y="579" width="315" height="560" frameX="-12" frameY="-13" frameWidth="345" frameHeight="574"/>
    <SubTexture name="Up0002" x="307" y="2" width="321" height="546" frameX="-24" frameY="-28" frameWidth="345" frameHeight="574"/>
    <SubTexture name="Up0003" x="2" y="1142" width="321" height="545" frameX="-24" frameY="-28" frameWidth="345" frameHeight="574"/>
    <SubTexture name="Up0004" x="307" y="2" width="321" height="546" frameX="-24" frameY="-28" frameWidth="345" frameHeight="574"/>
    <SubTexture name="Up0005" x="2" y="1142" width="321" height="545" frameX="-24" frameY="-28" frameWidth="345" frameHeight="574"/>
    <SubTexture name="Up0006" x="307" y="2" width="321" height="546" frameX="-24" frameY="-28" frameWidth="345" frameHeight="574"/>
    <SubTexture name="Up0007" x="2" y="1142" width="321" height="545" frameX="-24" frameY="-28" frameWidth="345" frameHeight="574"/>
    <SubTexture name="Up0008" x="307" y="2" width="321" height="546" frameX="-24" frameY="-28" frameWidth="345" frameHeight="574"/>
    <SubTexture name="Up0009" x="2" y="1142" width="321" height="545" frameX="-24" frameY="-28" frameWidth="345" frameHeight="574"/>
    <SubTexture name="Up0010" x="307" y="2" width="321" height="546" frameX="-24" frameY="-28" frameWidth="345" frameHeight="574"/>
    <SubTexture name="Up0011" x="2" y="1142" width="321" height="545" frameX="-24" frameY="-28" frameWidth="345" frameHeight="574"/>
    <SubTexture name="Up0012" x="307" y="2" width="321" height="546" frameX="-24" frameY="-28" frameWidth="345" frameHeight="574"/>
    <SubTexture name="Up0013" x="2" y="1142" width="321" height="545" frameX="-24" frameY="-28" frameWidth="345" frameHeight="574"/>
    <SubTexture name="Up0014" x="307" y="2" width="321" height="546" frameX="-24" frameY="-28" frameWidth="345" frameHeight="574"/>
</TextureAtlas>
